{"cameraMode":{"drawMode":0,"name":"Shaded","section":"Shading Mode"},"sceneLighting":true,"audioPlay":false,"sceneViewState":{"showFog":true,"showMaterialUpdate":false,"showSkybox":true,"showFlares":true,"showImageEffects":true,"showParticleSystems":true},"in2DMode":false,"pivot":{"x":2.2689127922058107,"y":0.10530710220336914,"z":-1.8453469276428223},"rotation":{"x":-0.0013886106899008155,"y":0.9973423480987549,"z":0.07011906802654267,"w":0.01975102536380291},"size":21.81456184387207,"orthographic":false}