{"cameraMode":{"drawMode":0,"name":"Shaded","section":"Shading Mode"},"sceneLighting":true,"audioPlay":false,"sceneViewState":{"showFog":true,"showMaterialUpdate":false,"showSkybox":true,"showFlares":true,"showImageEffects":true,"showParticleSystems":true},"in2DMode":false,"pivot":{"x":-5.894744873046875,"y":-3.0646214485168459,"z":25.12942886352539},"rotation":{"x":0.053756192326545718,"y":0.3446754515171051,"z":-0.01977558247745037,"w":0.9369780421257019},"size":93.31878662109375,"orthographic":false}