{"cameraMode":{"drawMode":0,"name":"Shaded","section":"Shading Mode"},"sceneLighting":true,"audioPlay":false,"sceneViewState":{"showFog":true,"showMaterialUpdate":false,"showSkybox":true,"showFlares":true,"showImageEffects":true,"showParticleSystems":true},"in2DMode":false,"pivot":{"x":-3.2342684268951418,"y":0.9668909907341003,"z":0.1326313018798828},"rotation":{"x":0.012308772653341294,"y":-0.00750415213406086,"z":0.00009271319868275896,"w":0.9998982548713684},"size":8.387829780578614,"orthographic":false}