{"cameraMode":{"drawMode":0,"name":"Shaded","section":"Shading Mode"},"sceneLighting":true,"audioPlay":false,"sceneViewState":{"showFog":true,"showMaterialUpdate":false,"showSkybox":true,"showFlares":true,"showImageEffects":true,"showParticleSystems":true},"in2DMode":false,"pivot":{"x":3.8862056732177736,"y":-4.891152381896973,"z":-1.6607718467712403},"rotation":{"x":0.21727822721004487,"y":0.6933590173721314,"z":-0.23309366405010224,"w":0.6463203430175781},"size":17.69972801208496,"orthographic":false}