{"cameraMode":{"drawMode":0,"name":"Shaded","section":"Shading Mode"},"sceneLighting":true,"audioPlay":false,"sceneViewState":{"showFog":true,"showMaterialUpdate":false,"showSkybox":true,"showFlares":true,"showImageEffects":true,"showParticleSystems":true},"in2DMode":false,"pivot":{"x":0.14188134670257569,"y":-0.07838886976242066,"z":0.12827658653259278},"rotation":{"x":0.06595589220523834,"y":-0.0956469252705574,"z":0.006351721007376909,"w":0.9932103157043457},"size":5.332025527954102,"orthographic":false}