{"cameraMode":{"drawMode":0,"name":"Shaded","section":"Shading Mode"},"sceneLighting":true,"audioPlay":false,"sceneViewState":{"showFog":true,"showMaterialUpdate":false,"showSkybox":true,"showFlares":true,"showImageEffects":true,"showParticleSystems":true},"in2DMode":false,"pivot":{"x":505.990966796875,"y":124.86538696289063,"z":308.6749267578125},"rotation":{"x":0.08774565160274506,"y":-0.029879508540034295,"z":0.002633179072290659,"w":0.9956928491592407},"size":753.3736572265625,"orthographic":false}