{"cameraMode":{"drawMode":0,"name":"Shaded","section":"Shading Mode"},"sceneLighting":true,"audioPlay":false,"sceneViewState":{"showFog":true,"showMaterialUpdate":false,"showSkybox":true,"showFlares":true,"showImageEffects":true,"showParticleSystems":true},"in2DMode":false,"pivot":{"x":1.4813659191131592,"y":0.3327796459197998,"z":2.3220558166503908},"rotation":{"x":0.04167114943265915,"y":-0.018885834142565728,"z":-0.0007877958123572171,"w":-0.9989579916000366},"size":39.50749588012695,"orthographic":false}