{"cameraMode":{"drawMode":0,"name":"Shaded","section":"Shading Mode"},"sceneLighting":true,"audioPlay":false,"sceneViewState":{"showFog":true,"showMaterialUpdate":false,"showSkybox":true,"showFlares":true,"showImageEffects":true,"showParticleSystems":true},"in2DMode":false,"pivot":{"x":28.645572662353517,"y":26.368566513061525,"z":41.09297561645508},"rotation":{"x":-0.08288168907165528,"y":0.8882452249526978,"z":-0.17710788547992707,"w":-0.41567462682724},"size":10.0,"orthographic":false}