{"cameraMode":{"drawMode":0,"name":"Shaded","section":"Shading Mode"},"sceneLighting":false,"audioPlay":false,"sceneViewState":{"showFog":true,"showMaterialUpdate":false,"showSkybox":false,"showFlares":true,"showImageEffects":true,"showParticleSystems":true},"in2DMode":false,"pivot":{"x":-3.311728000640869,"y":1.4954509735107422,"z":0.31711769104003909},"rotation":{"x":-0.012284238822758198,"y":-0.06385482102632523,"z":0.0007860821788199246,"w":-0.9978861212730408},"size":14.429977416992188,"orthographic":false}