{"cameraMode":{"drawMode":0,"name":"Shaded","section":"Shading Mode"},"sceneLighting":false,"audioPlay":false,"sceneViewState":{"showFog":true,"showMaterialUpdate":false,"showSkybox":false,"showFlares":true,"showImageEffects":true,"showParticleSystems":true},"in2DMode":false,"pivot":{"x":0.9666473269462586,"y":-4.749869346618652,"z":-0.07925621420145035},"rotation":{"x":-0.1791096329689026,"y":0.049264322966337207,"z":-0.008980337530374527,"w":-0.9825560450553894},"size":10.057267189025879,"orthographic":false}