{"cameraMode":{"drawMode":0,"name":"Shaded","section":"Shading Mode"},"sceneLighting":false,"audioPlay":false,"sceneViewState":{"showFog":true,"showMaterialUpdate":false,"showSkybox":false,"showFlares":true,"showImageEffects":true,"showParticleSystems":true},"in2DMode":false,"pivot":{"x":-6.965579509735107,"y":1.3601622581481934,"z":4.139076232910156},"rotation":{"x":-0.0016396602150052786,"y":0.998360276222229,"z":-0.04076549410820007,"w":-0.0401550717651844},"size":65.65743255615235,"orthographic":false}