{"cameraMode":{"drawMode":0,"name":"Shaded","section":"Shading Mode"},"sceneLighting":false,"audioPlay":false,"sceneViewState":{"showFog":true,"showMaterialUpdate":false,"showSkybox":false,"showFlares":true,"showImageEffects":true,"showParticleSystems":true},"in2DMode":false,"pivot":{"x":4.7005767822265629,"y":-3.913161277770996,"z":-32.34913635253906},"rotation":{"x":-0.0000291268625005614,"y":0.9999402165412903,"z":0.002690066583454609,"w":0.010800409130752087},"size":72.20443725585938,"orthographic":false}