{"cameraMode":{"drawMode":0,"name":"Shaded","section":"Shading Mode"},"sceneLighting":false,"audioPlay":false,"sceneViewState":{"showFog":true,"showMaterialUpdate":false,"showSkybox":true,"showFlares":true,"showImageEffects":true,"showParticleSystems":true},"in2DMode":false,"pivot":{"x":0.6259341239929199,"y":-1.8435373306274415,"z":0.509331226348877},"rotation":{"x":-0.1659492701292038,"y":-0.8201242685317993,"z":0.2950187027454376,"w":-0.46132543683052065},"size":10.238749504089356,"orthographic":false}