{"cameraMode":{"drawMode":0,"name":"Shaded","section":"Shading Mode"},"sceneLighting":false,"audioPlay":false,"sceneViewState":{"showFog":true,"showMaterialUpdate":false,"showSkybox":true,"showFlares":true,"showImageEffects":true,"showParticleSystems":true},"in2DMode":false,"pivot":{"x":0.9095542430877686,"y":2.6983561515808107,"z":2.6416635513305666},"rotation":{"x":0.10853680223226547,"y":-0.08875198662281037,"z":-0.009729297831654549,"w":-0.990074872970581},"size":17.22126007080078,"orthographic":false}