{"cameraMode":{"drawMode":0,"name":"Shaded","section":"Shading Mode"},"sceneLighting":false,"audioPlay":false,"sceneViewState":{"showFog":true,"showMaterialUpdate":false,"showSkybox":true,"showFlares":true,"showImageEffects":true,"showParticleSystems":true},"in2DMode":false,"pivot":{"x":-3.5688974857330324,"y":-4.182575702667236,"z":-0.7636117935180664},"rotation":{"x":-0.017688049003481866,"y":0.9614094495773315,"z":-0.2594393193721771,"w":-0.0898342952132225},"size":22.806394577026368,"orthographic":false}