{"cameraMode":{"drawMode":0,"name":"Shaded","section":"Shading Mode"},"sceneLighting":false,"audioPlay":false,"sceneViewState":{"showFog":true,"showMaterialUpdate":false,"showSkybox":true,"showFlares":true,"showImageEffects":true,"showParticleSystems":true},"in2DMode":false,"pivot":{"x":0.0762895941734314,"y":5.8273773193359379,"z":-8.206161499023438},"rotation":{"x":-0.001002205302938819,"y":0.9980782270431519,"z":0.05964641273021698,"w":0.01677021197974682},"size":23.334524154663087,"orthographic":false}