{"cameraMode":{"drawMode":0,"name":"Shaded","section":"Shading Mode"},"sceneLighting":false,"audioPlay":false,"sceneViewState":{"showFog":true,"showMaterialUpdate":false,"showSkybox":true,"showFlares":true,"showImageEffects":true,"showParticleSystems":true},"in2DMode":false,"pivot":{"x":5.1308393478393559,"y":0.41157805919647219,"z":-1.8914527893066407},"rotation":{"x":-0.07607337087392807,"y":-0.2982949912548065,"z":0.02385810762643814,"w":-0.9511381387710571},"size":11.616223335266114,"orthographic":false}