{"cameraMode":{"drawMode":0,"name":"Shaded","section":"Shading Mode"},"sceneLighting":false,"audioPlay":false,"sceneViewState":{"showFog":true,"showMaterialUpdate":false,"showSkybox":true,"showFlares":true,"showImageEffects":true,"showParticleSystems":true},"in2DMode":false,"pivot":{"x":0.501518726348877,"y":-2.022676944732666,"z":0.32802581787109377},"rotation":{"x":-0.08702998608350754,"y":-0.062124237418174747,"z":0.005438030231744051,"w":-0.9942519068717957},"size":17.61975860595703,"orthographic":false}