{"cameraMode":{"drawMode":0,"name":"Shaded","section":"Shading Mode"},"sceneLighting":false,"audioPlay":false,"sceneViewState":{"showFog":true,"showMaterialUpdate":false,"showSkybox":true,"showFlares":true,"showImageEffects":true,"showParticleSystems":true},"in2DMode":false,"pivot":{"x":2.1112914085388185,"y":2.4742321968078615,"z":4.120622634887695},"rotation":{"x":0.05311174318194389,"y":-0.1427057981491089,"z":-0.007668991107493639,"w":-0.988309383392334},"size":15.939889907836914,"orthographic":false}