{"cameraMode":{"drawMode":0,"name":"Shaded","section":"Shading Mode"},"sceneLighting":false,"audioPlay":false,"sceneViewState":{"showFog":true,"showMaterialUpdate":false,"showSkybox":true,"showFlares":true,"showImageEffects":true,"showParticleSystems":true},"in2DMode":false,"pivot":{"x":1.6785210371017457,"y":4.081504821777344,"z":-1.9588451385498047},"rotation":{"x":-0.0005118225235491991,"y":0.9989726543426514,"z":0.011678884737193585,"w":0.043783675879240039},"size":23.334524154663087,"orthographic":false}