{"cameraMode":{"drawMode":0,"name":"Shaded","section":"Shading Mode"},"sceneLighting":false,"audioPlay":false,"sceneViewState":{"showFog":true,"showMaterialUpdate":false,"showSkybox":true,"showFlares":true,"showImageEffects":true,"showParticleSystems":true},"in2DMode":false,"pivot":{"x":0.5269584655761719,"y":-14.275030136108399,"z":15.553594589233399},"rotation":{"x":-0.2705840766429901,"y":-0.072984479367733,"z":0.02057761885225773,"w":-0.9597052335739136},"size":38.010807037353519,"orthographic":false}