{"cameraMode":{"drawMode":0,"name":"Shaded","section":"Shading Mode"},"sceneLighting":false,"audioPlay":false,"sceneViewState":{"showFog":true,"showMaterialUpdate":false,"showSkybox":true,"showFlares":true,"showImageEffects":true,"showParticleSystems":true},"in2DMode":false,"pivot":{"x":-2.231722593307495,"y":-2.5996501445770265,"z":5.669506072998047},"rotation":{"x":-0.3069417476654053,"y":0.043380554765462878,"z":-0.014005915261805058,"w":-0.9506360292434692},"size":13.940086364746094,"orthographic":false}