{"cameraMode":{"drawMode":0,"name":"Shaded","section":"Shading Mode"},"sceneLighting":false,"audioPlay":false,"sceneViewState":{"showFog":true,"showMaterialUpdate":false,"showSkybox":true,"showFlares":true,"showImageEffects":true,"showParticleSystems":true},"in2DMode":false,"pivot":{"x":-5.151042461395264,"y":-5.271951675415039,"z":10.704061508178711},"rotation":{"x":-0.12817978858947755,"y":0.6566418409347534,"z":-0.11461704969406128,"w":-0.7343394756317139},"size":6.669835567474365,"orthographic":false}