{"cameraMode":{"drawMode":0,"name":"Shaded","section":"Shading Mode"},"sceneLighting":false,"audioPlay":false,"sceneViewState":{"showFog":true,"showMaterialUpdate":false,"showSkybox":true,"showFlares":true,"showImageEffects":true,"showParticleSystems":true},"in2DMode":false,"pivot":{"x":2.2185614109039308,"y":4.423012733459473,"z":-6.766366958618164},"rotation":{"x":0.0010157615179196,"y":0.9984884858131409,"z":-0.019782353192567827,"w":0.0512683168053627},"size":23.334524154663087,"orthographic":false}