{"cameraMode":{"drawMode":0,"name":"Shaded","section":"Shading Mode"},"sceneLighting":false,"audioPlay":false,"sceneViewState":{"showFog":true,"showMaterialUpdate":false,"showSkybox":true,"showFlares":true,"showImageEffects":true,"showParticleSystems":true},"in2DMode":false,"pivot":{"x":-0.14578936994075776,"y":-0.09476214647293091,"z":-0.016457557678222657},"rotation":{"x":-0.10957887768745423,"y":-0.015802258625626565,"z":0.0017430883599445224,"w":-0.9938510060310364},"size":5.847056865692139,"orthographic":false}