{"cameraMode":{"drawMode":0,"name":"Shaded","section":"Shading Mode"},"sceneLighting":false,"audioPlay":false,"sceneViewState":{"showFog":true,"showMaterialUpdate":false,"showSkybox":true,"showFlares":true,"showImageEffects":true,"showParticleSystems":true},"in2DMode":false,"pivot":{"x":-1.567988634109497,"y":0.5978999137878418,"z":-12.26953125},"rotation":{"x":-0.003759634681046009,"y":0.9950591325759888,"z":-0.09010862559080124,"w":-0.041517406702041629},"size":31.6265869140625,"orthographic":false}