{"cameraMode":{"drawMode":0,"name":"Shaded","section":"Shading Mode"},"sceneLighting":false,"audioPlay":false,"sceneViewState":{"showFog":true,"showMaterialUpdate":false,"showSkybox":true,"showFlares":true,"showImageEffects":true,"showParticleSystems":true},"in2DMode":false,"pivot":{"x":-0.01799941062927246,"y":0.002651587128639221,"z":0.0007032006978988648},"rotation":{"x":-0.09666348993778229,"y":0.8791386485099793,"z":-0.22253915667533875,"w":-0.4101802706718445},"size":15.9028959274292,"orthographic":false}