{"cameraMode":{"drawMode":0,"name":"Shaded","section":"Shading Mode"},"sceneLighting":false,"audioPlay":false,"sceneViewState":{"showFog":true,"showMaterialUpdate":false,"showSkybox":true,"showFlares":true,"showImageEffects":true,"showParticleSystems":true},"in2DMode":false,"pivot":{"x":1.5777894258499146,"y":2.776630401611328,"z":0.3161907196044922},"rotation":{"x":0.003271490801125765,"y":0.9965382218360901,"z":-0.06767870485782623,"w":0.048171140253543857},"size":24.384578704833986,"orthographic":false}