{"cameraMode":{"drawMode":0,"name":"Shaded","section":"Shading Mode"},"sceneLighting":false,"audioPlay":false,"sceneViewState":{"showFog":true,"showMaterialUpdate":false,"showSkybox":true,"showFlares":true,"showImageEffects":true,"showParticleSystems":true},"in2DMode":false,"pivot":{"x":-0.9974859952926636,"y":-1.8533998727798463,"z":-2.2691421508789064},"rotation":{"x":0.0014205012703314424,"y":-0.9985153079032898,"z":0.0437767431139946,"w":0.032384343445301059},"size":28.81475067138672,"orthographic":false}