{"cameraMode":{"drawMode":0,"name":"Shaded","section":"Shading Mode"},"sceneLighting":false,"audioPlay":false,"sceneViewState":{"showFog":true,"showMaterialUpdate":false,"showSkybox":true,"showFlares":true,"showImageEffects":true,"showParticleSystems":true},"in2DMode":false,"pivot":{"x":3.9477438926696779,"y":-0.7157013416290283,"z":6.894964694976807},"rotation":{"x":-0.08664253354072571,"y":0.9003556966781616,"z":-0.3535197377204895,"w":-0.23848798871040345},"size":9.452320098876954,"orthographic":false}