{"cameraMode":{"drawMode":0,"name":"Shaded","section":"Shading Mode"},"sceneLighting":false,"audioPlay":false,"sceneViewState":{"showFog":true,"showMaterialUpdate":false,"showSkybox":true,"showFlares":true,"showImageEffects":true,"showParticleSystems":true},"in2DMode":false,"pivot":{"x":-13.04173755645752,"y":-18.780620574951173,"z":51.04783248901367},"rotation":{"x":-0.16121657192707063,"y":0.12180539220571518,"z":-0.026494139805436136,"w":-0.9790152311325073},"size":75.59619140625,"orthographic":false}