{"cameraMode":{"drawMode":0,"name":"Shaded","section":"Shading Mode"},"sceneLighting":false,"audioPlay":false,"sceneViewState":{"showFog":true,"showMaterialUpdate":false,"showSkybox":false,"showFlares":true,"showImageEffects":true,"showParticleSystems":true},"in2DMode":false,"pivot":{"x":3.212062358856201,"y":-30.36749267578125,"z":38.14270782470703},"rotation":{"x":0.00040012478712014854,"y":0.9750603437423706,"z":-0.2219465672969818,"w":0.0017559151165187359},"size":82.1032485961914,"orthographic":false}