{"cameraMode":{"drawMode":0,"name":"Shaded","section":"Shading Mode"},"sceneLighting":true,"audioPlay":false,"sceneViewState":{"showFog":true,"showMaterialUpdate":false,"showSkybox":true,"showFlares":true,"showImageEffects":true,"showParticleSystems":true},"in2DMode":false,"pivot":{"x":-3.6399054527282717,"y":-14.54743766784668,"z":-2.919308662414551},"rotation":{"x":-0.05772252753376961,"y":0.18813781440258027,"z":-0.011076891794800759,"w":-0.9803830981254578},"size":29.18775177001953,"orthographic":false}