{"cameraMode":{"drawMode":0,"name":"Shaded","section":"Shading Mode"},"sceneLighting":true,"audioPlay":false,"sceneViewState":{"showFog":true,"showMaterialUpdate":false,"showSkybox":true,"showFlares":true,"showImageEffects":true,"showParticleSystems":true},"in2DMode":false,"pivot":{"x":-1.115639328956604,"y":-6.98905086517334,"z":6.23701286315918},"rotation":{"x":0.3858252465724945,"y":-0.029058121144771577,"z":0.012159360572695732,"w":0.9220340251922607},"size":19.124540328979493,"orthographic":false}